Sample_ID,sample,id_seq,site,plot,core,extraction_replicate,id_cropped,site_c,dist_to_core,m_temp_dia,temp_vert,m_moisture,m_depth,m_conductivity,m_graminoid,m_forbs,m_bryo,lichen,litter,rock,bare_ground,m_dwarf,cushion,crust,m_total_cover,m_pH,m_CEC,m_TOC,m_TN,Silt,Sand,Mn_AO,Fe_DCB,Clay,BD,Resin-P_MEAN,NH4_MEAN,NO3_MEAN,m_plant_shannon,m_mean_qPCR_16s,m_mean_qPCR_ITS,m_ratio,m_microbe_shannon,CO2fluxlight,CO2fluxdark,CH4fluxlight,CH4fluxdark,ResinP,NaHCO3P,NaOHP,HClP,TotP,ITS_Observed,rel_ab_ascomycota,rel_ab_basidiomycota,m_ratio_BasidiomycotaAscomycota,m_fungi_shannon
AD-T-BP-01-AO-D2-1_R1_trimmed_fastp_filterAndTrim.fastq.gz,AD-T-BP-01-AO-D2-1_R1_trimmed_fastp_filterAndTrim.fastq.gz,337111_099-AD-T-BP-01_A-O_D2-1_S17,ADT,1,yes,1,AD-T-BP-01-A-O-D2-1_S85_L001_R1_001.cropped.fastq.gz ,tundra_core,19.097,6.2,4,14.7,15.92,0,5,1,60,0.5,25,NA,NA,75,NA,0.5,167,6.038,6.365,10.335,0.873,66.843,15.827,0.088,11.302,17.83,0.749,NA,9.9,0.5,1.228942062,6298523521,591673494.4,0.093938443,7.319381476,0.001631616,0.001887547,-7.80E-07,-4.61E-07,15.145,9.48,27.863,196.61,249.098,358,0.758556595,0.241443405,0.318293198,4.103769419
AD-T-BP-01-AO-D2-2_R1_trimmed_fastp_filterAndTrim.fastq.gz,AD-T-BP-01-AO-D2-2_R1_trimmed_fastp_filterAndTrim.fastq.gz,337111_100-AD-T-BP-01_A-O_D2-2_S5,ADT,1,yes,2,AD-T-BP-01-A-O-D2-2_S86_L001_R1_001.cropped.fastq.gz ,tundra_core,19.097,6.2,4,14.7,15.92,0,5,1,60,0.5,25,NA,NA,75,NA,0.5,167,6.038,6.365,10.335,0.873,66.843,15.827,0.088,11.302,17.83,0.749,NA,9.9,0.5,1.228942062,5574076746,743935900.9,0.13346352,7.292060787,0.001631616,0.001887547,-7.80E-07,-4.61E-07,15.145,9.48,27.863,196.61,249.098,361,0.73681475,0.26318525,0.357193243,4.050454383
AD-T-BP-01-AO-D2-3_R1_trimmed_fastp_filterAndTrim.fastq.gz,AD-T-BP-01-AO-D2-3_R1_trimmed_fastp_filterAndTrim.fastq.gz,337111_101-AD-T-BP-01_A-O_D2-3_S74,ADT,1,yes,3,AD-T-BP-01-A-O-D2-3_S87_L001_R1_001.cropped.fastq.gz ,tundra_core,19.097,6.2,4,14.7,15.92,0,5,1,60,0.5,25,NA,NA,75,NA,0.5,167,6.038,6.365,10.335,0.873,66.843,15.827,0.088,11.302,17.83,0.749,NA,9.9,0.5,1.228942062,4199764331,835389826.9,0.198913501,7.44272629,0.001631616,0.001887547,-7.80E-07,-4.61E-07,15.145,9.48,27.863,196.61,249.098,383,0.780570728,0.219429272,0.281113888,4.113738256
AD-T-BP-02-AO-D2-1_R1_trimmed_fastp_filterAndTrim.fastq.gz,AD-T-BP-02-AO-D2-1_R1_trimmed_fastp_filterAndTrim.fastq.gz,337111_089-AD-T-BP-02_A-O_D2-1_S69,ADT,2,yes,1,AD-T-BP-02-A-O-D2-1_S75_L001_R1_001.cropped.fastq.gz ,tundra_core,10.719,7.2,5.6,30.4,10.06,0.04,2,2,50,3,3,NA,NA,65,NA,7,132,6.131,6.523,10.928,0.894,60.193,26.126,0.119,9.177,14.073,0.713,NA,6.6,0.9,1.123792486,7291340791,2026754501,0.277967326,7.510086236,0.000714708,0.001780017,-4.59E-07,-5.12E-07,9.017,7.602,24.07,180.12,220.808,347,0.331636342,0.668363658,2.015351076,3.406361242
AD-T-BP-02-AO-D2-2_R1_trimmed_fastp_filterAndTrim.fastq.gz,AD-T-BP-02-AO-D2-2_R1_trimmed_fastp_filterAndTrim.fastq.gz,337111_090-AD-T-BP-02_A-O_D2-2_S68,ADT,2,yes,2,AD-T-BP-02-A-O-D2-2_S76_L001_R1_001.cropped.fastq.gz ,tundra_core,10.719,7.2,5.6,30.4,10.06,0.04,2,2,50,3,3,NA,NA,65,NA,7,132,6.131,6.523,10.928,0.894,60.193,26.126,0.119,9.177,14.073,0.713,NA,6.6,0.9,1.123792486,5218396468,1764673778,0.338163991,7.551613165,0.000714708,0.001780017,-4.59E-07,-5.12E-07,9.017,7.602,24.07,180.12,220.808,293,0.250727465,0.749272535,2.988394337,2.728744547
AD-T-BP-02-AO-D2-3_R1_trimmed_fastp_filterAndTrim.fastq.gz,AD-T-BP-02-AO-D2-3_R1_trimmed_fastp_filterAndTrim.fastq.gz,337111_091-AD-T-BP-02_A-O_D2-3_S40,ADT,2,yes,3,AD-T-BP-02-A-O-D2-3_S77_L001_R1_001.cropped.fastq.gz ,tundra_core,10.719,7.2,5.6,30.4,10.06,0.04,2,2,50,3,3,NA,NA,65,NA,7,132,6.131,6.523,10.928,0.894,60.193,26.126,0.119,9.177,14.073,0.713,NA,6.6,0.9,1.123792486,4412761801,1267361802,0.287203765,7.568083475,0.000714708,0.001780017,-4.59E-07,-5.12E-07,9.017,7.602,24.07,180.12,220.808,239,0.145240456,0.854759544,5.885133982,1.838944572
AD-T-BP-03-AO-D2-1_R1_trimmed_fastp_filterAndTrim.fastq.gz,AD-T-BP-03-AO-D2-1_R1_trimmed_fastp_filterAndTrim.fastq.gz,337111_074-AD-T-BP-03_A-O_D2-1_S24,ADT,3,yes,1,AD-T-BP-03-A-O-D2-1_S60_L001_R1_001.cropped.fastq.gz ,tundra_core,11.602,7.6,6.4,22.2,8.74,0,2,0.5,5,5,0.5,NA,NA,35,4,50,102,5.785,6.936,11.788,0.943,57.168,30.683,0.101,8.676,12.862,0.651,0.3,5.8,1.8,1.245507969,5591905911,1085347564,0.194092601,7.055903915,0.000995418,0.001161683,-6.58E-07,-4.71E-07,11.989,7.988,27.011,175.36,222.348,308,0.477740733,0.522259267,1.09318555,2.8256877
AD-T-BP-03-AO-D2-2_R1_trimmed_fastp_filterAndTrim.fastq.gz,AD-T-BP-03-AO-D2-2_R1_trimmed_fastp_filterAndTrim.fastq.gz,337111_075-AD-T-BP-03_A-O_D2-2_S81,ADT,3,yes,2,AD-T-BP-03-A-O-D2-2_S61_L001_R1_001.cropped.fastq.gz ,tundra_core,11.602,7.6,6.4,22.2,8.74,0,2,0.5,5,5,0.5,NA,NA,35,4,50,102,5.785,6.936,11.788,0.943,57.168,30.683,0.101,8.676,12.862,0.651,0.3,5.8,1.8,1.245507969,6144176779,1537120567,0.250175186,7.083645584,0.000995418,0.001161683,-6.58E-07,-4.71E-07,11.989,7.988,27.011,175.36,222.348,321,0.430164599,0.569835401,1.324691529,3.145161686
AD-T-BP-03-AO-D2-3_R1_trimmed_fastp_filterAndTrim.fastq.gz,AD-T-BP-03-AO-D2-3_R1_trimmed_fastp_filterAndTrim.fastq.gz,337111_078-AD-T-BP-03_A-O_D2-3_S112,ADT,3,yes,3,AD-T-BP-03-A-O-D2-3_S64_L001_R1_001.cropped.fastq.gz ,tundra_core,11.602,7.6,6.4,22.2,8.74,0,2,0.5,5,5,0.5,NA,NA,35,4,50,102,5.785,6.936,11.788,0.943,57.168,30.683,0.101,8.676,12.862,0.651,0.3,5.8,1.8,1.245507969,6523029146,1855762790,0.284494021,7.512543555,0.000995418,0.001161683,-6.58E-07,-4.71E-07,11.989,7.988,27.011,175.36,222.348,358,0.394219965,0.605780035,1.536654885,3.511539848
AD-T-BP-05-1_S2086,AD-T-BP-05-1_S2086,337111_016-AD-T-BP-05_O-A-1_S82,ADT,5,no,1,AD-T-BP-05-O-A-1_S4_L001_R1_001.cropped.fastq.gz ,tundra_gradient,253.45,7,6.4,20.1,4.76,0.09,95,0,0.5,0,8,1,NA,0,NA,NA,104.5,5.527,3.849,5.146,0.442,63.278,16.867,0.225,12.977,20.458,1.193,NA,NA,NA,NA,,NA,NA,6.533573543,NA,NA,NA,NA,NA,NA,NA,NA,NA,380,0.569479599,0.430520401,0.755989155,3.669521321
AD-T-BP-05-2_S2087,AD-T-BP-05-2_S2087,337111_017-AD-T-BP-05_O-A-2_S55,ADT,5,no,2,AD-T-BP-05-O-A-2_S5_L001_R1_001.cropped.fastq.gz ,tundra_gradient,253.45,7,6.4,20.1,4.76,0.09,95,0,0.5,0,8,1,NA,0,NA,NA,104.5,5.527,3.849,5.146,0.442,63.278,16.867,0.225,12.977,20.458,1.193,NA,NA,NA,NA,,NA,NA,6.503873393,NA,NA,NA,NA,NA,NA,NA,NA,NA,331,0.639044242,0.360955758,0.564836882,3.512931932
AD-T-BP-05-3_S2088,AD-T-BP-05-3_S2088,337111_018-AD-T-BP-05_O-A-3_S116,ADT,5,no,3,AD-T-BP-05-O-A-3_S6_L001_R1_001.cropped.fastq.gz ,tundra_gradient,253.45,7,6.4,20.1,4.76,0.09,95,0,0.5,0,8,1,NA,0,NA,NA,104.5,5.527,3.849,5.146,0.442,63.278,16.867,0.225,12.977,20.458,1.193,NA,NA,NA,NA,,NA,NA,6.570687019,NA,NA,NA,NA,NA,NA,NA,NA,NA,359,0.653159778,0.346840222,0.531018953,3.710475481
AD-T-BP-06-1_S2116,AD-T-BP-06-1_S2116,337111_052-AD-T-BP-06_O-A-1_S31,ADT,6,no,1,AD-T-BP-06-O-A-1_S38_L001_R1_001.cropped.fastq.gz ,tundra_gradient,231.7,6.7,5.7,20.9,19.12,0.14,7,0,95,0,20,NA,NA,5,NA,NA,127,5.739,3.996,5.61,0.459,63.89,17.182,0.226,12.184,19.287,1.151,NA,NA,NA,0.679193266,922099092.1,508245428.4,0.551183092,6.648269625,NA,NA,NA,NA,NA,NA,NA,NA,NA,348,0.704887701,0.295112299,0.418665694,3.955348533
AD-T-BP-06-2_S2117,AD-T-BP-06-2_S2117,337111_053-AD-T-BP-06_O-A-2_S96,ADT,6,no,2,AD-T-BP-06-O-A-2_S39_L001_R1_001.cropped.fastq.gz ,tundra_gradient,231.7,6.7,5.7,20.9,19.12,0.14,7,0,95,0,20,NA,NA,5,NA,NA,127,5.739,3.996,5.61,0.459,63.89,17.182,0.226,12.184,19.287,1.151,NA,NA,NA,0.679193266,1216969494,656373989.2,0.539351227,6.711673643,NA,NA,NA,NA,NA,NA,NA,NA,NA,265,0.63632314,0.36367686,0.571528578,4.081958082
AD-T-BP-06-3_S2118,AD-T-BP-06-3_S2118,337111_054-AD-T-BP-06_O-A-3_S105,ADT,6,no,3,AD-T-BP-06-O-A-3_S40_L001_R1_001.cropped.fastq.gz ,tundra_gradient,231.7,6.7,5.7,20.9,19.12,0.14,7,0,95,0,20,NA,NA,5,NA,NA,127,5.739,3.996,5.61,0.459,63.89,17.182,0.226,12.184,19.287,1.151,NA,NA,NA,0.679193266,1316348527,561617202.8,0.4266478,6.556915593,NA,NA,NA,NA,NA,NA,NA,NA,NA,363,0.672548552,0.327451448,0.4868815,4.186300095
AD-T-BP-07-1_S2104,AD-T-BP-07-1_S2104,337111_038-AD-T-BP-07_O-A-1_S54,ADT,7,no,1,AD-T-BP-07-O-A-1_S24_L001_R1_001.cropped.fastq.gz ,tundra_gradient,110.66,6.7,4.5,10.4,36.06,0.09,1,20,98,1,2,NA,NA,35,NA,NA,157,5.633,4.998,7.56,0.639,64.667,17.759,0.08,12.089,17.934,0.969,NA,NA,NA,1.048953472,4766221297,2233330644,0.468574685,7.771517621,NA,NA,NA,NA,NA,NA,NA,NA,NA,368,0.524527861,0.475472139,0.906476424,4.541291035
AD-T-BP-07-2_S2105,AD-T-BP-07-2_S2105,337111_039-AD-T-BP-07_O-A-2_S85,ADT,7,no,2,AD-T-BP-07-O-A-2_S25_L001_R1_001.cropped.fastq.gz ,tundra_gradient,110.66,6.7,4.5,10.4,36.06,0.09,1,20,98,1,2,NA,NA,35,NA,NA,157,5.633,4.998,7.56,0.639,64.667,17.759,0.08,12.089,17.934,0.969,NA,NA,NA,1.048953472,2814322455,1855628451,0.659351756,7.686439219,NA,NA,NA,NA,NA,NA,NA,NA,NA,447,0.460127364,0.539872636,1.173311299,4.689179589
AD-T-BP-07-3_S2106,AD-T-BP-07-3_S2106,337111_040-AD-T-BP-07_O-A-3_S7,ADT,7,no,3,AD-T-BP-07-O-A-3_S26_L001_R1_001.cropped.fastq.gz ,tundra_gradient,110.66,6.7,4.5,10.4,36.06,0.09,1,20,98,1,2,NA,NA,35,NA,NA,157,5.633,4.998,7.56,0.639,64.667,17.759,0.08,12.089,17.934,0.969,NA,NA,NA,1.048953472,2202214150,1533884936,0.696519426,7.717879758,NA,NA,NA,NA,NA,NA,NA,NA,NA,439,0.448541631,0.551458369,1.229447461,4.455867522
AD-T-BP-08-1_S2119,AD-T-BP-08-1_S2119,337111_055-AD-T-BP-08_O-A-1_S57,ADT,8,no,1,AD-T-BP-08-O-A-1_S41_L001_R1_001.cropped.fastq.gz ,tundra_gradient,111.28,7.4,6.5,25.2,16.52,0.09,17,1,80,0.5,10,NA,NA,20,NA,3,131.5,5.194,4.774,7.047,0.627,67.563,10.929,0.096,13.066,20.888,1.044,NA,NA,NA,1.251402214,2657809794,1039903734,0.391263414,7.031052426,NA,NA,NA,NA,NA,NA,NA,NA,NA,402,0.4544405,0.5455595,1.200508098,4.397141049
AD-T-BP-08-2_S2120,AD-T-BP-08-2_S2120,337111_056-AD-T-BP-08_O-A-2_S88,ADT,8,no,2,AD-T-BP-08-O-A-2_S42_L001_R1_001.cropped.fastq.gz ,tundra_gradient,111.28,7.4,6.5,25.2,16.52,0.09,17,1,80,0.5,10,NA,NA,20,NA,3,131.5,5.194,4.774,7.047,0.627,67.563,10.929,0.096,13.066,20.888,1.044,NA,NA,NA,1.251402214,3168448190,3358566589,1.060003632,7.079127588,NA,NA,NA,NA,NA,NA,NA,NA,NA,383,0.507174914,0.492825086,0.971706352,4.097318072
AD-T-BP-08-3_S2121,AD-T-BP-08-3_S2121,337111_057-AD-T-BP-08_O-A-3_S32,ADT,8,no,3,AD-T-BP-08-O-A-3_S43_L001_R1_001.cropped.fastq.gz ,tundra_gradient,111.28,7.4,6.5,25.2,16.52,0.09,17,1,80,0.5,10,NA,NA,20,NA,3,131.5,5.194,4.774,7.047,0.627,67.563,10.929,0.096,13.066,20.888,1.044,NA,NA,NA,1.251402214,5932678971,3845353841,0.648164827,7.116567936,NA,NA,NA,NA,NA,NA,NA,NA,NA,419,0.398211607,0.601788393,1.511227655,4.253837768
AD-T-BP-09-1_S2137,AD-T-BP-09-1_S2137,337111_003-AD-T-BP-09_O-A-1_S11,ADT,9,no,1,AD-T-BP-09-O-A-1_S97_L001_R1_001.cropped.fastq.gz ,tundra_gradient,135.93,6,4.8,31.2,37.96,0.1,2,70,15,0,25,NA,NA,15,NA,NA,127,5.853,11.202,11.398,0.906,53.524,39.531,0.151,2.197,7.054,0.646,NA,NA,NA,0.890035492,4675715245,2025780475,0.433255741,7.592544419,NA,NA,NA,NA,NA,NA,NA,NA,NA,441,0.373687328,0.626312672,1.676034011,4.165171124
AD-T-BP-09-2_S2138,AD-T-BP-09-2_S2138,337111_004-AD-T-BP-09_O-A-2_S18,ADT,9,no,2,AD-T-BP-09-O-A-2_S98_L001_R1_001.cropped.fastq.gz ,tundra_gradient,135.93,6,4.8,31.2,37.96,0.1,2,70,15,0,25,NA,NA,15,NA,NA,127,5.853,11.202,11.398,0.906,53.524,39.531,0.151,2.197,7.054,0.646,NA,NA,NA,0.890035492,4871080485,2103576954,0.431850174,7.583363058,NA,NA,NA,NA,NA,NA,NA,NA,NA,413,0.291369904,0.708630096,2.432063463,3.97212651
AD-T-BP-09-3_S2139,AD-T-BP-09-3_S2139,337111_005-AD-T-BP-09_O-A-3_S23,ADT,9,no,3,AD-T-BP-09-O-A-3_S99_L001_R1_001.cropped.fastq.gz ,tundra_gradient,135.93,6,4.8,31.2,37.96,0.1,2,70,15,0,25,NA,NA,15,NA,NA,127,5.853,11.202,11.398,0.906,53.524,39.531,0.151,2.197,7.054,0.646,NA,NA,NA,0.890035492,3370709421,2510525197,0.744806177,7.603537776,NA,NA,NA,NA,NA,NA,NA,NA,NA,395,0.38973328,0.61026672,1.565857349,4.17722762
AD-T-BP-10-1_S2095,AD-T-BP-10-1_S2095,337111_026-AD-T-BP-10_O-A-1_S27,ADT,10,no,1,AD-T-BP-10-O-A-1_S14_L001_R1_001.cropped.fastq.gz ,tundra_gradient,111.86,6.1,5.2,24,17.16,0.21,10,2,55,1,5,NA,NA,35,NA,10,118,5.687,5.574,8.865,0.731,60.984,23.204,0.13,10.98,16.646,0.828,NA,NA,NA,1.212031753,3194390521,1579844652,0.494568414,7.127351617,NA,NA,NA,NA,NA,NA,NA,NA,NA,214,0.373586075,0.626413925,1.676759298,3.096323194
AD-T-BP-10-2_S2096,AD-T-BP-10-2_S2096,337111_027-AD-T-BP-10_O-A-2_S46,ADT,10,no,2,AD-T-BP-10-O-A-2_S15_L001_R1_001.cropped.fastq.gz ,tundra_gradient,111.86,6.1,5.2,24,17.16,0.21,10,2,55,1,5,NA,NA,35,NA,10,118,5.687,5.574,8.865,0.731,60.984,23.204,0.13,10.98,16.646,0.828,NA,NA,NA,1.212031753,3179185724,1382135471,0.434745117,7.115819885,NA,NA,NA,NA,NA,NA,NA,NA,NA,195,0.356372575,0.643627425,1.806052066,2.94894314
AD-T-BP-10-3_S2097,AD-T-BP-10-3_S2097,337111_028-AD-T-BP-10_O-A-3_S70,ADT,10,no,3,AD-T-BP-10-O-A-3_S16_L001_R1_001.cropped.fastq.gz ,tundra_gradient,111.86,6.1,5.2,24,17.16,0.21,10,2,55,1,5,NA,NA,35,NA,10,118,5.687,5.574,8.865,0.731,60.984,23.204,0.13,10.98,16.646,0.828,NA,NA,NA,1.212031753,3270940147,2646258487,0.809020761,7.170638316,NA,NA,NA,NA,NA,NA,NA,NA,NA,172,0.291378769,0.708621231,2.431959041,3.030202924
BJ-B-BP-01-OA-1_R1_trimmed_fastp_filterAndTrim.fastq.gz,BJ-B-BP-01-OA-1_R1_trimmed_fastp_filterAndTrim.fastq.gz,337111_006-BJ-B-BP_01_O-A-1_S104,BJB,1,yes,1,BJ-B-BP-01-O-A-1_S100_L001_R1_001.cropped.fastq.gz ,bird_cliff_core,14.603,2.8,1.6,24.5,25.74,0.04,25,80,75,NA,2,NA,NA,5,NA,NA,187,5.827,5.672,9.074,0.735,65.792,17.186,0.128,10.383,17.182,0.866,0.4,5.4,0.4,1.177183056,3277078832,2823380729,0.861554108,7.690903077,0.004029036,0.003390912,-1.48E-07,-1.71E-07,13.907,13.726,44.122,190.163,261.918,520,0.416520835,0.583479165,1.400840285,3.980366587
BJ-B-BP-01-OA-2_R1_trimmed_fastp_filterAndTrim.fastq.gz,BJ-B-BP-01-OA-2_R1_trimmed_fastp_filterAndTrim.fastq.gz,337111_007-BJ-B-BP_01_O-A-2_S45,BJB,1,yes,2,BJ-B-BP-01-O-A-2_S101_L001_R1_001.cropped.fastq.gz ,bird_cliff_core,14.603,2.8,1.6,24.5,25.74,0.04,25,80,75,NA,2,NA,NA,5,NA,NA,187,5.827,5.672,9.074,0.735,65.792,17.186,0.128,10.383,17.182,0.866,0.4,5.4,0.4,1.177183056,3799142662,NA,2.039907313,7.646091311,0.004029036,0.003390912,-1.48E-07,-1.71E-07,13.907,13.726,44.122,190.163,261.918,433,0.518066446,0.481933554,0.93025433,3.885055074
BJ-B-BP-01-OA-3_R1_trimmed_fastp_filterAndTrim.fastq.gz,BJ-B-BP-01-OA-3_R1_trimmed_fastp_filterAndTrim.fastq.gz,337111_010-BJ-B-BP_01_O-A-3_S90,BJB,1,yes,3,BJ-B-BP-01-O-A-3_S102_L001_R1_001.cropped.fastq.gz ,bird_cliff_core,14.603,2.8,1.6,24.5,25.74,0.04,25,80,75,NA,2,NA,NA,5,NA,NA,187,5.827,5.672,9.074,0.735,65.792,17.186,0.128,10.383,17.182,0.866,0.4,5.4,0.4,1.177183056,2818488284,2256710324,0.800681109,7.564252967,0.004029036,0.003390912,-1.48E-07,-1.71E-07,13.907,13.726,44.122,190.163,261.918,513,0.412382033,0.587617967,1.424935909,4.083534737
BJ-B-BP-02-OA-1_R1_trimmed_fastp_filterAndTrim.fastq.gz,BJ-B-BP-02-OA-1_R1_trimmed_fastp_filterAndTrim.fastq.gz,337111_079-BJ-B-BP_02_O-A-1_S47,BJB,2,yes,1,BJ-B-BP-02-O-A-1_S65_L001_R1_001.cropped.fastq.gz ,bird_cliff_core,12.015,5.7,4.8,25.7,29.4,0,15,90,90,NA,2,NA,NA,3,NA,NA,200,5.818,5.45,8.659,0.713,61.689,22.261,0.116,10.293,16.274,0.888,0.6,5.3,0.5,1.242939753,6072101409,2535979352,0.417644433,7.656571856,0.002962328,0.003765967,-2.26E-07,-1.30E-07,11.275,10.499,36.513,205.679,263.966,483,0.903143735,0.096856265,0.107243466,3.76502102
BJ-B-BP-02-OA-2_R1_trimmed_fastp_filterAndTrim.fastq.gz,BJ-B-BP-02-OA-2_R1_trimmed_fastp_filterAndTrim.fastq.gz,337111_080-BJ-B-BP_02_O-A-2_S114,BJB,2,yes,2,BJ-B-BP-02-O-A-2_S66_L001_R1_001.cropped.fastq.gz ,bird_cliff_core,12.015,5.7,4.8,25.7,29.4,0,15,90,90,NA,2,NA,NA,3,NA,NA,200,5.818,5.45,8.659,0.713,61.689,22.261,0.116,10.293,16.274,0.888,0.6,5.3,0.5,1.242939753,6909631120,2359087879,0.341420235,7.641772906,0.002962328,0.003765967,-2.26E-07,-1.30E-07,11.275,10.499,36.513,205.679,263.966,637,0.863021768,0.136978232,0.158719325,4.471669826
BJ-B-BP-02-OA-3_R1_trimmed_fastp_filterAndTrim.fastq.gz,BJ-B-BP-02-OA-3_R1_trimmed_fastp_filterAndTrim.fastq.gz,337111_081-BJ-B-BP_02_O-A-3_S97,BJB,2,yes,3,BJ-B-BP-02-O-A-3_S67_L001_R1_001.cropped.fastq.gz ,bird_cliff_core,12.015,5.7,4.8,25.7,29.4,0,15,90,90,NA,2,NA,NA,3,NA,NA,200,5.818,5.45,8.659,0.713,61.689,22.261,0.116,10.293,16.274,0.888,0.6,5.3,0.5,1.242939753,4240278871,1333050326,0.314377985,7.600152067,0.002962328,0.003765967,-2.26E-07,-1.30E-07,11.275,10.499,36.513,205.679,263.966,598,0.866545799,0.133454201,0.154007095,4.493706064
BJ-B-BP-03-OA-1_R1_trimmed_fastp_filterAndTrim.fastq.gz,BJ-B-BP-03-OA-1_R1_trimmed_fastp_filterAndTrim.fastq.gz,337111_092-BJ-B-BP_03_O-A-1_S108,BJB,3,yes,1,BJ-B-BP-03-O-A-1_S78_L001_R1_001.cropped.fastq.gz ,bird_cliff_core,33.14,4.4,3.8,22.5,29.16,0.08,60,25,30,NA,2,NA,NA,2,NA,NA,119,5.881,4.737,7.108,0.568,57.624,27.893,0.213,9.718,15.561,0.943,3.4,19.3,0.1,1.358069348,6710631151,1199617627,0.178763756,7.716819726,0.004064637,0.004544545,-2.47E-07,-3.57E-07,32.146,21.364,64.602,225.357,343.469,553,0.564241786,0.435758214,0.772289866,4.165319944
BJ-B-BP-03-OA-2_R1_trimmed_fastp_filterAndTrim.fastq.gz,BJ-B-BP-03-OA-2_R1_trimmed_fastp_filterAndTrim.fastq.gz,337111_093-BJ-B-BP_03_O-A-2_S2,BJB,3,yes,2,BJ-B-BP-03-O-A-2_S79_L001_R1_001.cropped.fastq.gz ,bird_cliff_core,33.14,4.4,3.8,22.5,29.16,0.08,60,25,30,NA,2,NA,NA,2,NA,NA,119,5.881,4.737,7.108,0.568,57.624,27.893,0.213,9.718,15.561,0.943,3.4,19.3,0.1,1.358069348,6802718036,1778279789,0.261407246,7.637676663,0.004064637,0.004544545,-2.47E-07,-3.57E-07,32.146,21.364,64.602,225.357,343.469,613,0.666073137,0.333926863,0.501336632,4.281867838
BJ-B-BP-03-OA-3_R1_trimmed_fastp_filterAndTrim.fastq.gz,BJ-B-BP-03-OA-3_R1_trimmed_fastp_filterAndTrim.fastq.gz,337111_094-BJ-B-BP_03_O-A-3_S67,BJB,3,yes,3,BJ-B-BP-03-O-A-3_S80_L001_R1_001.cropped.fastq.gz ,bird_cliff_core,33.14,4.4,3.8,22.5,29.16,0.08,60,25,30,NA,2,NA,NA,2,NA,NA,119,5.881,4.737,7.108,0.568,57.624,27.893,0.213,9.718,15.561,0.943,3.4,19.3,0.1,1.358069348,5137460138,1106280447,0.215336064,7.54290583,0.004064637,0.004544545,-2.47E-07,-3.57E-07,32.146,21.364,64.602,225.357,343.469,609,0.759468229,0.240531771,0.316710775,4.56174192
BJ-B-BP-05-1_S2089,BJ-B-BP-05-1_S2089,337111_019-BJ-B-BP_05_O-A-1_S60,BJB,5,no,1,BJ-B-BP-05-O-A-1_S7_L001_R1_001.cropped.fastq.gz ,bird_cliff_gradient,92.68,6.5,6.5,29.3,9.64,0.1,5,8,95,NA,8,NA,NA,20,NA,NA,136,5.72,7.375,10.247,0.812,47.33,45.015,0.143,7.353,9.749,0.791,NA,NA,NA,1.210737482,3156626088,3374612937,1.069056912,7.57011621,NA,NA,NA,NA,NA,NA,NA,NA,NA,390,0.297700207,0.702299793,2.359083998,3.821660398
BJ-B-BP-05-2_S2090,BJ-B-BP-05-2_S2090,337111_020-BJ-B-BP_05_O-A-2_S106,BJB,5,no,2,BJ-B-BP-05-O-A-2_S8_L001_R1_001.cropped.fastq.gz ,bird_cliff_gradient,92.68,6.5,6.5,29.3,9.64,0.1,5,8,95,NA,8,NA,NA,20,NA,NA,136,5.72,7.375,10.247,0.812,47.33,45.015,0.143,7.353,9.749,0.791,NA,NA,NA,1.210737482,3307862918,3319625758,1.003556024,7.736668749,NA,NA,NA,NA,NA,NA,NA,NA,NA,327,0.538835345,0.461164655,0.855854502,3.882128973
BJ-B-BP-05-3_S2091,BJ-B-BP-05-3_S2091,337111_021-BJ-B-BP_05_O-A-3_S9,BJB,5,no,3,BJ-B-BP-05-O-A-3_S9_L001_R1_001.cropped.fastq.gz ,bird_cliff_gradient,92.68,6.5,6.5,29.3,9.64,0.1,5,8,95,NA,8,NA,NA,20,NA,NA,136,5.72,7.375,10.247,0.812,47.33,45.015,0.143,7.353,9.749,0.791,NA,NA,NA,1.210737482,3848724758,3779475150,0.982007129,7.781050211,NA,NA,NA,NA,NA,NA,NA,NA,NA,388,0.381290415,0.618709585,1.622672797,3.949304086
BJ-B-BP-06-1_S2107,BJ-B-BP-06-1_S2107,337111_041-BJ-B-BP_06_O-A-1_S115,BJB,6,no,1,BJ-B-BP-06-O-A-1_S27_L001_R1_001.cropped.fastq.gz ,bird_cliff_gradient,70,7.2,8.5,9.4,10.7,0.1,25,3,95,4,3,NA,NA,0,NA,NA,130,4.71,8.196,7.044,0.558,47.077,48.168,0.024,5.257,6.802,1.007,NA,NA,NA,0.760755259,2193647291,2187807680,0.997337944,7.595792233,NA,NA,NA,NA,NA,NA,NA,NA,NA,381,0.769284639,0.230715361,0.299908967,4.289987444
BJ-B-BP-06-2_S2108,BJ-B-BP-06-2_S2108,337111_042-BJ-B-BP_06_O-A-2_S89,BJB,6,no,2,BJ-B-BP-06-O-A-2_S28_L001_R1_001.cropped.fastq.gz ,bird_cliff_gradient,70,7.2,8.5,9.4,10.7,0.1,25,3,95,4,3,NA,NA,0,NA,NA,130,4.71,8.196,7.044,0.558,47.077,48.168,0.024,5.257,6.802,1.007,NA,NA,NA,0.760755259,1564070409,1185394005,0.757890437,7.631129793,NA,NA,NA,NA,NA,NA,NA,NA,NA,399,0.766171282,0.233828718,0.305191181,4.385461277
BJ-B-BP-06-3_S2109,BJ-B-BP-06-3_S2109,337111_043-BJ-B-BP_06_O-A-3_S100,BJB,6,no,3,BJ-B-BP-06-O-A-3_S29_L001_R1_001.cropped.fastq.gz ,bird_cliff_gradient,70,7.2,8.5,9.4,10.7,0.1,25,3,95,4,3,NA,NA,0,NA,NA,130,4.71,8.196,7.044,0.558,47.077,48.168,0.024,5.257,6.802,1.007,NA,NA,NA,0.760755259,2754043040,1258972220,0.457136,7.430252153,NA,NA,NA,NA,NA,NA,NA,NA,NA,327,0.758871326,0.241128674,0.317746455,4.047209059
BJ-B-BP-07-1_S2122,BJ-B-BP-07-1_S2122,337111_058-BJ-B-BP_07_O-A-1_S80,BJB,7,no,1,BJ-B-BP-07-O-A-1_S44_L001_R1_001.cropped.fastq.gz ,bird_cliff_gradient,46.59,8.4,7.4,19.3,5.1,0.23,2,5,10,4,2,10,NA,45,10,20,108,6.692,4.868,10.337,0.849,67.118,14.659,0.153,10.62,17.557,0.748,NA,NA,NA,1.28931567,6324093621,2146200016,0.339368793,7.152427872,NA,NA,NA,NA,NA,NA,NA,NA,NA,368,0.317849703,0.682150297,2.146141054,4.076515672
BJ-B-BP-07-2_S2123,BJ-B-BP-07-2_S2123,337111_059-BJ-B-BP_07_O-A-2_S113,BJB,7,no,2,BJ-B-BP-07-O-A-2_S45_L001_R1_001.cropped.fastq.gz ,bird_cliff_gradient,46.59,8.4,7.4,19.3,5.1,0.23,2,5,10,4,2,10,NA,45,10,20,108,6.692,4.868,10.337,0.849,67.118,14.659,0.153,10.62,17.557,0.748,NA,NA,NA,1.28931567,4706379368,2295934470,0.487834552,6.968480973,NA,NA,NA,NA,NA,NA,NA,NA,NA,387,0.341216114,0.658783886,1.93069395,4.138788072
BJ-B-BP-07-3_S2124,BJ-B-BP-07-3_S2124,337111_060-BJ-B-BP_07_O-A-3_S33,BJB,7,no,3,BJ-B-BP-07-O-A-3_S46_L001_R1_001.cropped.fastq.gz ,bird_cliff_gradient,46.59,8.4,7.4,19.3,5.1,0.23,2,5,10,4,2,10,NA,45,10,20,108,6.692,4.868,10.337,0.849,67.118,14.659,0.153,10.62,17.557,0.748,NA,NA,NA,1.28931567,6159655110,2152692319,0.349482606,7.090821642,NA,NA,NA,NA,NA,NA,NA,NA,NA,360,0.327967869,0.672032131,2.049079181,4.18868548
BJ-B-BP-08-1_S2125,BJ-B-BP-08-1_S2125,337111_061-BJ-B-BP_08_O-A-1_S19,BJB,8,no,1,BJ-B-BP-08-O-A-1_S47_L001_R1_001.cropped.fastq.gz ,bird_cliff_gradient,88.3,4,3.5,34.1,37.94,0.03,50,10,80,NA,10,NA,NA,40,NA,NA,190,6.45,9.897,15.28,1.017,43.649,53.526,0.2,4.351,5.351,0.396,NA,NA,NA,1.206324951,4979297556,3037688489,0.61006366,7.255593458,NA,NA,NA,NA,NA,NA,NA,NA,NA,392,0.596576737,0.403423263,0.676230296,4.567799433
BJ-B-BP-08-2_S2126,BJ-B-BP-08-2_S2126,337111_062-BJ-B-BP_08_O-A-2_S63,BJB,8,no,2,BJ-B-BP-08-O-A-2_S48_L001_R1_001.cropped.fastq.gz ,bird_cliff_gradient,88.3,4,3.5,34.1,37.94,0.03,50,10,80,NA,10,NA,NA,40,NA,NA,190,6.45,9.897,15.28,1.017,43.649,53.526,0.2,4.351,5.351,0.396,NA,NA,NA,1.206324951,5408517413,2604872383,0.48162411,7.241497238,NA,NA,NA,NA,NA,NA,NA,NA,NA,459,0.730581485,0.269418515,0.368772711,4.431167327
BJ-B-BP-08-3_S2127,BJ-B-BP-08-3_S2127,337111_063-BJ-B-BP_08_O-A-3_S91,BJB,8,no,3,BJ-B-BP-08-O-A-3_S49_L001_R1_001.cropped.fastq.gz ,bird_cliff_gradient,88.3,4,3.5,34.1,37.94,0.03,50,10,80,NA,10,NA,NA,40,NA,NA,190,6.45,9.897,15.28,1.017,43.649,53.526,0.2,4.351,5.351,0.396,NA,NA,NA,1.206324951,5654327421,2494036697,0.441084591,7.281318514,NA,NA,NA,NA,NA,NA,NA,NA,NA,348,0.548852226,0.451147774,0.821984048,4.406917813
BJ-B-BP-09-1_S2128,BJ-B-BP-09-1_S2128,337111_064-BJ-B-BP_09_O-A-1_S56,BJB,9,no,1,BJ-B-BP-09-O-A-1_S50_L001_R1_001.cropped.fastq.gz ,bird_cliff_gradient,88.16,5.9,3.6,12,14.08,0,5,8,20,2,1,NA,NA,35,NA,25,96,5.386,4.868,7.257,0.602,67.119,14.657,0.153,10.617,17.558,1.001,NA,NA,NA,1.098644354,2107868279,6298297673,2.987993954,7.093399784,NA,NA,NA,NA,NA,NA,NA,NA,NA,289,0.389549377,0.610450623,1.567068668,3.812461691
BJ-B-BP-09-2_S2129,BJ-B-BP-09-2_S2129,337111_065-BJ-B-BP_09_O-A-2_S62,BJB,9,no,2,BJ-B-BP-09-O-A-2_S51_L001_R1_001.cropped.fastq.gz ,bird_cliff_gradient,88.16,5.9,3.6,12,14.08,0,5,8,20,2,1,NA,NA,35,NA,25,96,5.386,4.868,7.257,0.602,67.119,14.657,0.153,10.617,17.558,1.001,NA,NA,NA,1.098644354,1496809182,2004376652,1.339099651,7.108837107,NA,NA,NA,NA,NA,NA,NA,NA,NA,317,0.371801151,0.628198849,1.689609748,3.921682269
BJ-B-BP-09-3_S2130,BJ-B-BP-09-3_S2130,337111_066-BJ-B-BP_09_O-A-3_S53,BJB,9,no,3,BJ-B-BP-09-O-A-3_S52_L001_R1_001.cropped.fastq.gz ,bird_cliff_gradient,88.16,5.9,3.6,12,14.08,0,5,8,20,2,1,NA,NA,35,NA,25,96,5.386,4.868,7.257,0.602,67.119,14.657,0.153,10.617,17.558,1.001,NA,NA,NA,1.098644354,2142561970,1636854073,0.763970469,7.039450531,NA,NA,NA,NA,NA,NA,NA,NA,NA,258,0.327059474,0.672940526,2.057547878,3.628305527
BJ-B-BP-10-1_S2098,BJ-B-BP-10-1_S2098,337111_029-BJ-B-BP_10_O-A-1_S41,BJB,10,no,1,BJ-B-BP-10-O-A-1_S17_L001_R1_001.cropped.fastq.gz ,bird_cliff_gradient,79.26,6.9,6.4,5.5,14.6,0,10,1,80,5,3,3,NA,60,NA,NA,162,6.366,9.939,9.814,0.759,39.546,53.226,0.142,4.465,8.076,0.833,NA,NA,NA,1.1348794,2760254798,2724339581,0.986988441,7.739748861,NA,NA,NA,NA,NA,NA,NA,NA,NA,504,0.517284418,0.482715582,0.933172479,4.51258448
BJ-B-BP-10-2_S2099,BJ-B-BP-10-2_S2099,337111_030-BJ-B-BP_10_O-A-2_S16,BJB,10,no,2,BJ-B-BP-10-O-A-2_S18_L001_R1_001.cropped.fastq.gz ,bird_cliff_gradient,79.26,6.9,6.4,5.5,14.6,0,10,1,80,5,3,3,NA,60,NA,NA,162,6.366,9.939,9.814,0.759,39.546,53.226,0.142,4.465,8.076,0.833,NA,NA,NA,1.1348794,2698505250,3516616328,1.303171942,7.782957103,NA,NA,NA,NA,NA,NA,NA,NA,NA,478,0.575952061,0.424047939,0.736255614,4.230879836
BJ-B-BP-10-3_S2100,BJ-B-BP-10-3_S2100,337111_031-BJ-B-BP_10_O-A-3_S76,BJB,10,no,3,BJ-B-BP-10-O-A-3_S19_L001_R1_001.cropped.fastq.gz ,bird_cliff_gradient,79.26,6.9,6.4,5.5,14.6,0,10,1,80,5,3,3,NA,60,NA,NA,162,6.366,9.939,9.814,0.759,39.546,53.226,0.142,4.465,8.076,0.833,NA,NA,NA,1.1348794,4539391562,5203478165,1.146294188,7.794619044,NA,NA,NA,NA,NA,NA,NA,NA,NA,410,0.257997964,0.742002036,2.875999574,3.225935786
LO-D-BP-01-OA-D2-1_R1_trimmed_fastp_filterAndTrim.fastq.gz,LO-D-BP-01-OA-D2-1_R1_trimmed_fastp_filterAndTrim.fastq.gz,337111_083-LO-D-BP-01_O-A_D2-1_S83,LOD,1,yes,1,LO-D-BP-01-O-A-D2-1_S69_L001_R1_001.cropped.fastq.gz ,disturbed_core,5.578,5.3,3.4,36.2,11.56,0.24,80,15,80,NA,25,NA,NA,0,NA,NA,200,6.335,8.9,16.243,1.165,39.14,55.116,0.175,7.72,6.963,0.359,49.1,8.5,2.7,1.1257121,12391829662,3750378980,0.302649333,6.681741714,0.002146879,0.00350565,-4.17E-07,-1.38E-07,344.265,301.41,4009.419,1216.181,5871.275,407,0.905693841,0.094306159,0.104125869,4.143740833
LO-D-BP-01-OA-D2-2_R1_trimmed_fastp_filterAndTrim.fastq.gz,LO-D-BP-01-OA-D2-2_R1_trimmed_fastp_filterAndTrim.fastq.gz,337111_084-LO-D-BP-01_O-A_D2-2_S51,LOD,1,yes,2,LO-D-BP-01-O-A-D2-2_S70_L001_R1_001.cropped.fastq.gz ,disturbed_core,5.578,5.3,3.4,36.2,11.56,0.24,80,15,80,NA,25,NA,NA,0,NA,NA,200,6.335,8.9,16.243,1.165,39.14,55.116,0.175,7.72,6.963,0.359,49.1,8.5,2.7,1.1257121,12973337524,2638637189,0.203389235,6.498329093,0.002146879,0.00350565,-4.17E-07,-1.38E-07,344.265,301.41,4009.419,1216.181,5871.275,388,0.93756484,0.06243516,0.066592898,4.116497359
LO-D-BP-01-OA-D2-3_R1_trimmed_fastp_filterAndTrim.fastq.gz,LO-D-BP-01-OA-D2-3_R1_trimmed_fastp_filterAndTrim.fastq.gz,337111_085-LO-D-BP-01_O-A_D2-3_S107,LOD,1,yes,3,LO-D-BP-01-O-A-D2-3_S71_L001_R1_001.cropped.fastq.gz ,disturbed_core,5.578,5.3,3.4,36.2,11.56,0.24,80,15,80,NA,25,NA,NA,0,NA,NA,200,6.335,8.9,16.243,1.165,39.14,55.116,0.175,7.72,6.963,0.359,49.1,8.5,2.7,1.1257121,11092184559,2980002020,0.268657811,6.608749773,0.002146879,0.00350565,-4.17E-07,-1.38E-07,344.265,301.41,4009.419,1216.181,5871.275,323,0.98460507,0.01539493,0.015635639,2.212322607
LO-D-BP-02-OA-D2-1_R1_trimmed_fastp_filterAndTrim.fastq.gz,LO-D-BP-02-OA-D2-1_R1_trimmed_fastp_filterAndTrim.fastq.gz,337111_068-LO-D-BP-02_O-A_D2-1_S26,LOD,2,yes,1,LO-D-BP-02-O-A-D2-1_S54_L001_R1_001.cropped.fastq.gz ,disturbed_core,3.249,6.1,5,53.4,10.3,0.42,90,20,60,NA,10,NA,NA,0,NA,NA,180,6.196,9.046,16.267,1.165,45.867,46.779,0.099,8.253,8.3,0.357,25.4,8,4.2,0.838566372,6570098956,NA,1.223065017,6.350968687,0.00272604,0.002913296,-3.13E-07,-3.34E-07,124.442,170.092,3437.641,1299.617,5031.792,365,0.968832815,0.031167185,0.032169828,3.278603637
LO-D-BP-02-OA-D2-2_R1_trimmed_fastp_filterAndTrim.fastq.gz,LO-D-BP-02-OA-D2-2_R1_trimmed_fastp_filterAndTrim.fastq.gz,337111_069-LO-D-BP-02_O-A_D2-2_S22,LOD,2,yes,2,LO-D-BP-02-O-A-D2-2_S55_L001_R1_001.cropped.fastq.gz ,disturbed_core,3.249,6.1,5,53.4,10.3,0.42,90,20,60,NA,10,NA,NA,0,NA,NA,180,6.196,9.046,16.267,1.165,45.867,46.779,0.099,8.253,8.3,0.357,25.4,8,4.2,0.838566372,8195112514,3459677757,0.422163546,6.444489284,0.00272604,0.002913296,-3.13E-07,-3.34E-07,124.442,170.092,3437.641,1299.617,5031.792,390,0.971341847,0.028658153,0.029503674,3.645121344
LO-D-BP-02-OA-D2-3_R1_trimmed_fastp_filterAndTrim.fastq.gz,LO-D-BP-02-OA-D2-3_R1_trimmed_fastp_filterAndTrim.fastq.gz,337111_070-LO-D-BP-02_O-A_D2-3_S71,LOD,2,yes,3,LO-D-BP-02-O-A-D2-3_S56_L001_R1_001.cropped.fastq.gz ,disturbed_core,3.249,6.1,5,53.4,10.3,0.42,90,20,60,NA,10,NA,NA,0,NA,NA,180,6.196,9.046,16.267,1.165,45.867,46.779,0.099,8.253,8.3,0.357,25.4,8,4.2,0.838566372,8228606015,2268673623,0.275705705,6.276516335,0.00272604,0.002913296,-3.13E-07,-3.34E-07,124.442,170.092,3437.641,1299.617,5031.792,421,0.967093659,0.032906341,0.034026013,3.699187721
LO-D-BP-03-OA-D2-1_R1_trimmed_fastp_filterAndTrim.fastq.gz,LO-D-BP-03-OA-D2-1_R1_trimmed_fastp_filterAndTrim.fastq.gz,337111_106-LO-D-BP-03_O-A_D2-1_S48,LOD,3,yes,1,LO-D-BP-03-O-A-D2-1_S92_L001_R1_001.cropped.fastq.gz ,disturbed_core,6.688,7.4,6.3,40.2,33.7,0.22,75,20,70,NA,10,NA,NA,0,NA,NA,175,6.33,9.035,16.185,1.23,45.947,46.656,0.1,8.246,8.336,0.33,49.7,10.8,1.7,0.993764552,10206704431,3801695227,0.372470395,7.001854922,0.003683779,0.007337234,-2.51E-07,-1.85E-07,245.972,318.826,3865.888,1311.591,5742.278,364,0.878020307,0.121979693,0.138925822,3.148609919
LO-D-BP-03-OA-D2-2_R1_trimmed_fastp_filterAndTrim.fastq.gz,LO-D-BP-03-OA-D2-2_R1_trimmed_fastp_filterAndTrim.fastq.gz,337111_107-LO-D-BP-03_O-A_D2-2_S75,LOD,3,yes,2,LO-D-BP-03-O-A-D2-2_S93_L001_R1_001.cropped.fastq.gz ,disturbed_core,6.688,7.4,6.3,40.2,33.7,0.22,75,20,70,NA,10,NA,NA,0,NA,NA,175,6.33,9.035,16.185,1.23,45.947,46.656,0.1,8.246,8.336,0.33,49.7,10.8,1.7,0.993764552,7430517669,3339575202,0.44944045,6.920446938,0.003683779,0.007337234,-2.51E-07,-1.85E-07,245.972,318.826,3865.888,1311.591,5742.278,395,0.828229991,0.171770009,0.207394095,3.436850601
LO-D-BP-03-OA-D2-3_R1_trimmed_fastp_filterAndTrim.fastq.gz,LO-D-BP-03-OA-D2-3_R1_trimmed_fastp_filterAndTrim.fastq.gz,337111_002-LO-D-BP-03_O-A_D2-3_S8,LOD,3,yes,3,LO-D-BP-03-O-A-D2-3_S96_L001_R1_001.cropped.fastq.gz ,disturbed_core,6.688,7.4,6.3,40.2,33.7,0.22,75,20,70,NA,10,NA,NA,0,NA,NA,175,6.33,9.035,16.185,1.23,45.947,46.656,0.1,8.246,8.336,0.33,49.7,10.8,1.7,0.993764552,6467035483,3042682618,0.470491097,6.980047255,0.003683779,0.007337234,-2.51E-07,-1.85E-07,245.972,318.826,3865.888,1311.591,5742.278,381,0.884132171,0.115867829,0.13105261,3.483391127
LO-D-BP-05-1_S2083,LO-D-BP-05-1_S2083,337111_013-LO-D-BP-05_O-A-1_S79,LOD,5,no,1,LO-D-BP-05-O-A-1_S1_L001_R1_001.cropped.fastq.gz ,disturbed_gradient,20.623,8,6.8,25.1,24.84,0.12,95,10,1,NA,5,NA,NA,0,NA,NA,111,6.599,8.753,15.721,1.392,60.209,27.768,0.196,7.578,11.6,0.538,NA,NA,NA,0.810789689,8738707235,2506424331,0.286818664,6.968887664,NA,NA,NA,NA,NA,NA,NA,NA,NA,384,0.915908593,0.084091407,0.091812008,4.397464749
LO-D-BP-05-2_S2084,LO-D-BP-05-2_S2084,337111_014-LO-D-BP-05_O-A-2_S87,LOD,5,no,2,LO-D-BP-05-O-A-2_S2_L001_R1_001.cropped.fastq.gz ,disturbed_gradient,20.623,8,6.8,25.1,24.84,0.12,95,10,1,NA,5,NA,NA,0,NA,NA,111,6.599,8.753,15.721,1.392,60.209,27.768,0.196,7.578,11.6,0.538,NA,NA,NA,0.810789689,15371991237,2812352086,0.182953011,7.067758255,NA,NA,NA,NA,NA,NA,NA,NA,NA,360,0.900854162,0.099145838,0.11005759,4.555301596
LO-D-BP-05-3_S2085,LO-D-BP-05-3_S2085,337111_015-LO-D-BP-05_O-A-3_S25,LOD,5,no,3,LO-D-BP-05-O-A-3_S3_L001_R1_001.cropped.fastq.gz ,disturbed_gradient,20.623,8,6.8,25.1,24.84,0.12,95,10,1,NA,5,NA,NA,0,NA,NA,111,6.599,8.753,15.721,1.392,60.209,27.768,0.196,7.578,11.6,0.538,NA,NA,NA,0.810789689,7204081007,3344863722,0.464301237,7.107668818,NA,NA,NA,NA,NA,NA,NA,NA,NA,375,0.907622982,0.092377018,0.101779065,4.524341121
LO-D-BP-06-1_S2101,LO-D-BP-06-1_S2101,337111_035-LO-D-BP-06_O-A-1_S110,LOD,6,no,1,LO-D-BP-06-O-A-1_S21_L001_R1_001.cropped.fastq.gz ,disturbed_gradient,34.4,8.6,7,24,16.32,0.09,80,60,50,NA,2,NA,NA,0,NA,NA,192,6.057,5.316,8.232,0.651,52.636,31.206,0.133,11.695,16.24,0.91,NA,NA,NA,1.295325301,3973179917,1574681224,0.396327691,7.187666609,NA,NA,NA,NA,NA,NA,NA,NA,NA,402,0.8648797,0.1351203,0.156230167,3.97021605
LO-D-BP-06-2_S2102,LO-D-BP-06-2_S2102,337111_036-LO-D-BP-06_O-A-2_S6,LOD,6,no,2,LO-D-BP-06-O-A-2_S22_L001_R1_001.cropped.fastq.gz ,disturbed_gradient,34.4,8.6,7,24,16.32,0.09,80,60,50,NA,2,NA,NA,0,NA,NA,192,6.057,5.316,8.232,0.651,52.636,31.206,0.133,11.695,16.24,0.91,NA,NA,NA,1.295325301,5189468418,3331178637,0.641911342,7.298471894,NA,NA,NA,NA,NA,NA,NA,NA,NA,341,0.824375999,0.175624001,0.213038711,3.900119148
LO-D-BP-06-3_S2103,LO-D-BP-06-3_S2103,337111_037-LO-D-BP-06_O-A-3_S98,LOD,6,no,3,LO-D-BP-06-O-A-3_S23_L001_R1_001.cropped.fastq.gz ,disturbed_gradient,34.4,8.6,7,24,16.32,0.09,80,60,50,NA,2,NA,NA,0,NA,NA,192,6.057,5.316,8.232,0.651,52.636,31.206,0.133,11.695,16.24,0.91,NA,NA,NA,1.295325301,7106824593,4751838949,0.668630397,7.237360767,NA,NA,NA,NA,NA,NA,NA,NA,NA,329,0.833656644,0.166343356,0.199534613,3.908652744
LO-D-BP-07-2_S2111,LO-D-BP-07-2_S2111,337111_047-LO-D-BP-07_O-A-2_S14,LOD,7,no,2,LO-D-BP-07-O-A-2_S33_L001_R1_001.cropped.fastq.gz ,disturbed_gradient,38.43,5.3,4.5,45.1,8.28,0.38,80,20,40,NA,1,NA,1,0,NA,NA,142,5.827,5.791,9.224,0.7,56.222,23.735,0.152,13.224,19.423,0.867,NA,NA,NA,1.261641656,2878313009,3924282859,1.363396839,6.720430799,NA,NA,NA,NA,NA,NA,NA,NA,NA,250,0.943005047,0.056994953,0.060439711,3.146246583
LO-D-BP-07-3_S2112,LO-D-BP-07-3_S2112,337111_048-LO-D-BP-07_O-A-3_S59,LOD,7,no,3,LO-D-BP-07-O-A-3_S34_L001_R1_001.cropped.fastq.gz ,disturbed_gradient,38.43,5.3,4.5,45.1,8.28,0.38,80,20,40,NA,1,NA,1,0,NA,NA,142,5.827,5.791,9.224,0.7,56.222,23.735,0.152,13.224,19.423,0.867,NA,NA,NA,1.261641656,4256587394,3396864269,0.798025262,6.611570485,NA,NA,NA,NA,NA,NA,NA,NA,NA,304,0.912938366,0.087061634,0.095364197,3.566790311
LO-D-BP-08-1_S2113,LO-D-BP-08-1_S2113,337111_049-LO-D-BP-08_O-A-1_S93,LOD,8,no,1,LO-D-BP-08-O-A-1_S35_L001_R1_001.cropped.fastq.gz ,disturbed_gradient,44.635,8.6,8,22.8,35.02,0.08,6,8,85,NA,10,NA,2,40,NA,NA,151,5.501,3.769,4.404,0.275,45.647,35.203,0.286,14.351,20.061,1.159,NA,NA,NA,0.882702215,838712224.8,1112628808,1.326591857,6.662652356,NA,NA,NA,NA,NA,NA,NA,NA,NA,312,0.449173082,0.550826918,1.226313284,3.497254878
LO-D-BP-08-2_S2114,LO-D-BP-08-2_S2114,337111_050-LO-D-BP-08_O-A-2_S20,LOD,8,no,2,LO-D-BP-08-O-A-2_S36_L001_R1_001.cropped.fastq.gz ,disturbed_gradient,44.635,8.6,8,22.8,35.02,0.08,6,8,85,NA,10,NA,2,40,NA,NA,151,5.501,3.769,4.404,0.275,45.647,35.203,0.286,14.351,20.061,1.159,NA,NA,NA,0.882702215,821984474.8,973475178.2,1.18429874,6.671161329,NA,NA,NA,NA,NA,NA,NA,NA,NA,391,0.463954077,0.536045923,1.155385735,3.550478626
LO-D-BP-08-3_S2115,LO-D-BP-08-3_S2115,337111_051-LO-D-BP-08_O-A-3_S65,LOD,8,no,3,LO-D-BP-08-O-A-3_S37_L001_R1_001.cropped.fastq.gz ,disturbed_gradient,44.635,8.6,8,22.8,35.02,0.08,6,8,85,NA,10,NA,2,40,NA,NA,151,5.501,3.769,4.404,0.275,45.647,35.203,0.286,14.351,20.061,1.159,NA,NA,NA,0.882702215,710789879.4,1424111225,2.003561482,6.466010231,NA,NA,NA,NA,NA,NA,NA,NA,NA,310,0.497251109,0.502748891,1.011056347,3.375051191
LO-D-BP-09-1_S2134,LO-D-BP-09-1_S2134,337111_096-LO-D-BP-09_O-A-1_S102,LOD,9,no,1,LO-D-BP-09-O-A-1_S82_L001_R1_001.cropped.fastq.gz ,disturbed_gradient,34.37,6.8,4.9,39.2,39,0.34,90,20,60,NA,5,NA,NA,0,NA,NA,175,5.529,6.628,10.879,0.859,59.918,16.854,0.095,13.818,21.156,0.785,NA,NA,NA,1.465382352,12656465331,3100958931,0.24500987,7.24278741,NA,NA,NA,NA,NA,NA,NA,NA,NA,345,0.89578506,0.10421494,0.116339225,4.005198825
LO-D-BP-09-2_S2135,LO-D-BP-09-2_S2135,337111_097-LO-D-BP-09_O-A-2_S28,LOD,9,no,2,LO-D-BP-09-O-A-2_S83_L001_R1_001.cropped.fastq.gz ,disturbed_gradient,34.37,6.8,4.9,39.2,39,0.34,90,20,60,NA,5,NA,NA,0,NA,NA,175,5.529,6.628,10.879,0.859,59.918,16.854,0.095,13.818,21.156,0.785,NA,NA,NA,1.465382352,11950549989,3738425401,0.312824548,7.327415212,NA,NA,NA,NA,NA,NA,NA,NA,NA,312,0.906525233,0.093474767,0.103113254,3.815123153
LO-D-BP-09-3_S2136,LO-D-BP-09-3_S2136,337111_098-LO-D-BP-09_O-A-3_S12,LOD,9,no,3,LO-D-BP-09-O-A-3_S84_L001_R1_001.cropped.fastq.gz ,disturbed_gradient,34.37,6.8,4.9,39.2,39,0.34,90,20,60,NA,5,NA,NA,0,NA,NA,175,5.529,6.628,10.879,0.859,59.918,16.854,0.095,13.818,21.156,0.785,NA,NA,NA,1.465382352,13522127910,3517342579,0.260117535,7.733732028,NA,NA,NA,NA,NA,NA,NA,NA,NA,318,0.914900947,0.085099053,0.093014498,3.907256255
LO-D-BP-10-1_S2131,LO-D-BP-10-1_S2131,337111_086-LO-D-BP-10_O-A-1_S4,LOD,10,no,1,LO-D-BP-10-O-A-1_S72_L001_R1_001.cropped.fastq.gz ,disturbed_gradient,77.91,6.3,5.1,26.4,13.72,0.02,0,4,100,0.5,5,NA,NA,20,NA,NA,129.5,6.005,4.684,6.427,0.526,66.308,11.663,0.081,15.549,22.168,1.055,NA,NA,NA,0.654156358,3956678642,585743754.6,0.148039254,7.715312475,NA,NA,NA,NA,NA,NA,NA,NA,NA,342,0.568925989,0.431074011,0.757697871,4.388260886
LO-D-BP-10-2_S2132,LO-D-BP-10-2_S2132,337111_087-LO-D-BP-10_O-A-2_S61,LOD,10,no,2,LO-D-BP-10-O-A-2_S73_L001_R1_001.cropped.fastq.gz ,disturbed_gradient,77.91,6.3,5.1,26.4,13.72,0.02,0,4,100,0.5,5,NA,NA,20,NA,NA,129.5,6.005,4.684,6.427,0.526,66.308,11.663,0.081,15.549,22.168,1.055,NA,NA,NA,0.654156358,4076107399,738667503.1,0.181218852,7.632456194,NA,NA,NA,NA,NA,NA,NA,NA,NA,322,0.527497887,0.472502113,0.89574219,4.239912565
LO-D-BP-10-3_S2133,LO-D-BP-10-3_S2133,337111_088-LO-D-BP-10_O-A-3_S94,LOD,10,no,3,LO-D-BP-10-O-A-3_S74_L001_R1_001.cropped.fastq.gz ,disturbed_gradient,77.91,6.3,5.1,26.4,13.72,0.02,0,4,100,0.5,5,NA,NA,20,NA,NA,129.5,6.005,4.684,6.427,0.526,66.308,11.663,0.081,15.549,22.168,1.055,NA,NA,NA,0.654156358,3574810849,803853951,0.22486615,7.70592974,NA,NA,NA,NA,NA,NA,NA,NA,NA,391,0.683363835,0.316636165,0.463349315,4.445733517
LO-D-BP-11-1_S2092,LO-D-BP-11-1_S2092,337111_023-LO-D-BP-11_O-A-1_S15,LOD,11,no,1,LO-D-BP-11-O-A-1_S11_L001_R1_001.cropped.fastq.gz ,disturbed_gradient,114.57,5.5,3.3,28.6,17.68,0.16,0.5,15,50,NA,3,NA,NA,75,NA,1,144.5,6.208,5.928,9.569,0.772,55.906,26.469,0.099,11.631,16.811,0.774,NA,NA,NA,1.464810063,1636342824,1544284223,0.94374125,7.301390991,NA,NA,NA,NA,NA,NA,NA,NA,NA,304,0.722285438,0.277714562,0.384494201,2.560187755
LO-D-BP-11-2_S2093,LO-D-BP-11-2_S2093,337111_024-LO-D-BP-11_O-A-2_S72,LOD,11,no,2,LO-D-BP-11-O-A-2_S12_L001_R1_001.cropped.fastq.gz ,disturbed_gradient,114.57,5.5,3.3,28.6,17.68,0.16,0.5,15,50,NA,3,NA,NA,75,NA,1,144.5,6.208,5.928,9.569,0.772,55.906,26.469,0.099,11.631,16.811,0.774,NA,NA,NA,1.464810063,1889299372,988858475.3,0.523399568,7.36253037,NA,NA,NA,NA,NA,NA,NA,NA,NA,357,0.430233513,0.569766487,1.324319165,3.965870863
LO-D-BP-11-3_S2094,LO-D-BP-11-3_S2094,337111_025-LO-D-BP-11_O-A-3_S73,LOD,11,no,3,LO-D-BP-11-O-A-3_S13_L001_R1_001.cropped.fastq.gz ,disturbed_gradient,114.57,5.5,3.3,28.6,17.68,0.16,0.5,15,50,NA,3,NA,NA,75,NA,1,144.5,6.208,5.928,9.569,0.772,55.906,26.469,0.099,11.631,16.811,0.774,NA,NA,NA,1.464810063,2132200392,1088041070,0.510290249,7.183260735,NA,NA,NA,NA,NA,NA,NA,NA,NA,471,0.650463024,0.349536976,0.537366405,4.294099588